query	region	url	screen
турнирная таблица чемпионата россии по футболу 2019 2020 премьер лига	Москва (Россия)	http://russianfootballtable.ru/	https://storage.mds.yandex.net/get-mturk/64929/8821f326-4119-4b29-b69e-5855cea877fd.png
турнирная таблица чемпионата россии по футболу 2019 2020 премьер лига	Москва (Россия)	https://www.livesport.ru/football/rfpl/calendar/	https://storage.mds.yandex.net/get-mturk/49815/7f41508a-113b-4e9f-a766-6d28d411f33b.png
турнирная таблица чемпионата россии по футболу 2019 2020 премьер лига	Москва (Россия)	http://www.teams.by/chempionat-rossii-2019-2020-premier-league/table-2502/	https://storage.mds.yandex.net/get-mturk/28268/2e19c564-ae76-4842-9d65-6e63f3f7ac39.png
турнирная таблица чемпионата россии по футболу 2019 2020 премьер лига	Москва (Россия)	https://soccer365.ru/competitions/13/2011-2012/	https://storage.mds.yandex.net/get-mturk/51762/573a00b1-4bf5-4a5b-aae2-375a127e90c3.png
турнирная таблица чемпионата россии по футболу 2019 2020 премьер лига	Москва (Россия)	https://ru.wikipedia.org/wiki/%D0%A7%D0%B5%D0%BC%D0%BF%D0%B8%D0%BE%D0%BD%D0%B0%D1%82_%D0%A0%D0%BE%D1%81%D1%81%D0%B8%D0%B8_%D0%BF%D0%BE_%D1%84%D1%83%D1%82%D0%B1%D0%BE%D0%BB%D1%83_2019/2020	https://storage.mds.yandex.net/get-mturk/26147/527f220d-b7b1-4ac5-a4ad-c61b8225fcac.png
турнирная таблица чемпионата россии по футболу 2019 2020 премьер лига	Москва (Россия)	https://score.ru/football/russia/rpl/	https://storage.mds.yandex.net/get-mturk/52837/f2452ab4-a8b5-414d-8e62-682a93526761.png
турнирная таблица чемпионата россии по футболу 2019 2020 премьер лига	Москва (Россия)	https://soccer365.ru/competitions/13/	https://storage.mds.yandex.net/get-mturk/33929/70354581-dd65-45a3-9ad6-1e172b6b28c9.png
турнирная таблица чемпионата россии по футболу 2019 2020 премьер лига	Москва (Россия)	http://www.teams.by/premier-league-2019-chempionat-kazakhstana/table-2456/	https://storage.mds.yandex.net/get-mturk/52137/a5ad2e39-5364-4fe9-8082-3f4f184b9ea6.png
турнирная таблица чемпионата россии по футболу 2019 2020 премьер лига	Москва (Россия)	https://premierliga.ru/news/rfpl/news_23539.html	https://storage.mds.yandex.net/get-mturk/976797/74d3a58f-2a6f-4f42-9fa4-0c4f60d05116.png
турнирная таблица чемпионата россии по футболу 2019 2020 премьер лига	Москва (Россия)	https://www.euro-football.ru/champ/rus.htm	https://storage.mds.yandex.net/get-mturk/52534/769554b9-4d9a-48e1-a96b-adcdcfba721d.png
citrus montessori school	Москва (Россия)	http://ddbo.ru/alternate/%D0%BC%D0%BE%D0%BD%D1%82%D0%B5%D1%81%D1%81%D0%BE%D1%80%D0%B8-%D1%88%D0%BA%D0%BE%D0%BB%D1%8B-%D0%B2-%D0%BC%D0%BE%D1%81%D0%BA%D0%B2%D0%B5	https://storage.mds.yandex.net/get-mturk/51224/e563cc5a-d77e-46de-988a-eb15ce43cb5f.png
citrus montessori school	Москва (Россия)	https://maporg.ru/moskva/456708360-citrus-montessori-school/	https://storage.mds.yandex.net/get-mturk/64113/d314927e-094e-4f0c-a0a7-7fdacd76188c.png
citrus montessori school	Москва (Россия)	http://nashipenati.ru/	https://storage.mds.yandex.net/get-mturk/246230/118ed3b7-5510-4a9e-b9e5-590eb95e1b48.png
citrus montessori school	Москва (Россия)	http://vk.com/club121850086	https://storage.mds.yandex.net/get-mturk/18496/898b0e77-6cdf-4e51-bcc6-3bdb9c8f70f8.png
citrus montessori school	Москва (Россия)	https://www.instagram.com/explore/locations/524179911/citrus-montessori-school/?hl=fr-ca	https://storage.mds.yandex.net/get-mturk/57610/13f16bda-a00a-424e-817a-a118f16172c6.png
citrus montessori school	Москва (Россия)	https://moscowplaces.ru/deti/shkoly-montessori.html	https://storage.mds.yandex.net/get-geosearch/15218/fce2e673-4e59-4d78-8ff0-163f67358f09
citrus montessori school	Москва (Россия)	http://spravokno.ru/site/1329/2329/citrus-motessori-school/	https://storage.mds.yandex.net/get-mturk/34148/61f292d0-f718-4cd6-9786-99bdb6998c29.png
citrus montessori school	Москва (Россия)	http://moscow.cataloxy.ru/firms/citrus-montessori-school.2281835_c.htm	https://storage.mds.yandex.net/get-mturk/226518/e2a6851b-af55-42fa-865d-420c45959ffb.png
citrus montessori school	Москва (Россия)	http://nashipenati.ru/admissions/	https://storage.mds.yandex.net/get-mturk/100555/54e1310a-5607-4713-b344-1e2b9a4e2066.png
citrus montessori school	Москва (Россия)	https://www.facebook.com/citrusmontessorischool/posts/%D0%B4%D0%BE%D1%80%D0%BE%D0%B3%D0%B8%D0%B5-%D0%B4%D1%80%D1%83%D0%B7%D1%8C%D1%8F%D0%B2%D0%BF%D0%B5%D1%80%D0%B2%D1%8B%D0%B5-%D0%B2-%D0%BC%D0%BE%D1%81%D0%BA%D0%B2%D0%B5-%D0%BF%D1%80%D0%B8%D0%B3%D0%BB%D0%B0%D1%88%D0%B0%D0%B5%D0%BC-%D0%BA-%D1%83%D1%87%D0%B0%D1%81%D1%82%D0%B8%D1%8E-%D0%B2-%D1%86%D0%B8%D0%BA%D0%BB%D0%B5-%D1%83%D0%BD%D0%B8%D0%BA%D0%B0%D0%BB%D1%8C%D0%BD%D1%8B%D1%85-%D1%81%D0%B5%D0%BC%D0%B8%D0%BD%D0%B0%D1%80%D0%BE%D0%B2/756492311142547/	https://storage.mds.yandex.net/get-mturk/14761/11aad0a2-b105-4092-96a3-f906643f5e91.png
вороний холм вов	Протвино (Россия)	http://wow.blizzwiki.ru/index.php?title=%D0%A1%D1%83%D0%BC%D0%B5%D1%80%D0%B5%D1%87%D0%BD%D1%8B%D0%B9_%D0%BB%D0%B5%D1%81_(%D0%B4%D0%BE%D1%81%D1%82%D0%B8%D0%B6%D0%B5%D0%BD%D0%B8%D0%B5)	https://storage.mds.yandex.net/get-mturk/153360/27d4a08c-8b7c-4ae6-8ad1-e0043b826e2a.png
вороний холм вов	Протвино (Россия)	https://db.rising-gods.de/?object=108	https://storage.mds.yandex.net/get-mturk/30140/6d22a7fc-891b-409b-bce8-ee13e05d93e5.png
вороний холм вов	Протвино (Россия)	https://cata.wowroad.info/?item=32313	https://storage.mds.yandex.net/get-mturk/53208/d76a9e0d-f0d2-4c18-965d-b0f297fee5c5.png
вороний холм вов	Протвино (Россия)	https://base.opiums.eu/?object=111	https://storage.mds.yandex.net/get-mturk/57610/eb2045ca-cd63-4d20-8bac-362c44bc06ba.png
вороний холм вов	Протвино (Россия)	https://cata.wowroad.info/?item=60935	https://storage.mds.yandex.net/get-mturk/898483/2e3dfcaf-9756-456d-be9e-0b0aff9aa946.png
вороний холм вов	Протвино (Россия)	https://rp-wow.ru/events/4054.html	https://storage.mds.yandex.net/get-mturk/38409/bc734dc5-37f2-48d5-bfd2-a455ba0cdd95.png
вороний холм вов	Протвино (Россия)	https://ru.wikipedia.org/wiki/%D0%92%D0%BE%D1%80%D0%BE%D0%BD%D1%8C%D1%8F_%D0%B3%D0%BE%D1%80%D0%B0	https://storage.mds.yandex.net/get-mturk/34220/3dde56bc-4d75-41dd-baa5-e3b8b7de3f9f.png
вороний холм вов	Протвино (Россия)	https://tv-soyuz.ru/news/na-voroney-gore-ustanovili-krest-v-pamyat-o-vov	https://storage.mds.yandex.net/get-mturk/145915/6a814dbd-e441-4f15-8b34-2e6d6b196b3c.png
вороний холм вов	Протвино (Россия)	https://www.BiblioFond.ru/view.aspx?id=800894	https://storage.mds.yandex.net/get-mturk/22497/8545928d-8871-4bd1-a2e7-0a3d81cee17f.png
вороний холм вов	Протвино (Россия)	http://www.headwow.ru/?quest=163	https://storage.mds.yandex.net/get-mturk/40190/f4b62983-1911-43aa-a855-7e2bcb43cb67.png
asus m5a78l-m lx3 обзор	Земля	http://www.testfreaks.ru/motherboards/asus-m5a78l-m-lx3/	https://storage.mds.yandex.net/get-mturk/15206/f03c94c8-e4a9-4394-9937-123fe958cced.png
asus m5a78l-m lx3 обзор	Земля	https://www.onlinetrade.ru/catalogue/materinskie_platy-c340/asus/fullreviews/materinskaya_plata_asus_m5a78l_m_lx3_am3_microatx-159664-r47435.html	https://storage.mds.yandex.net/get-mturk/14636/a7584d64-333d-4cb6-aaf3-5a0582f6dc30.png
asus m5a78l-m lx3 обзор	Земля	https://www.youtube.com/watch?v=SHNhrzysfFc	https://storage.mds.yandex.net/get-mturk/51636/3383c043-2859-4f33-8f59-0a1f1e05789d.png
asus m5a78l-m lx3 обзор	Земля	https://www.citilink.ru/catalog/computers_and_notebooks/parts/motherboards/695156/obzory/	https://storage.mds.yandex.net/get-mturk/52137/bb2d9f3f-2580-4bb2-af94-617d94ab2b24.png
asus m5a78l-m lx3 обзор	Земля	https://www.nix.ru/autocatalog/motherboards_asustek/ASUS-M5A78L-M-LX3-RTL-SocketAM3-plus-AMD-760G-PCI-E-plus-SVGA-plus-GbLAN-SATA-RAID-MicroATX-2DDR3_139673.html	https://storage.mds.yandex.net/get-mturk/23442/e8a47c1e-04eb-4af9-9aaf-38e29ccb1d59.png
asus m5a78l-m lx3 обзор	Земля	https://market.yandex.ru/product--materinskaia-plata-asus-m5a78l-m-lx3/7867662/spec	https://storage.mds.yandex.net/get-mturk/55848/a141d9e1-d667-41e1-a7c0-75a42f37dd5d.png
asus m5a78l-m lx3 обзор	Земля	https://sidex.ru/obzor.php?id=137302	https://storage.mds.yandex.net/get-mturk/55848/2a135fb5-0a2f-4077-b776-80154edf6dc4.png
asus m5a78l-m lx3 обзор	Земля	https://naobzorah.ru/motherboard/asus_m5a78l-m_lx3	https://storage.mds.yandex.net/get-mturk/57914/b089563b-aefe-449f-b1a5-24507aa37a3e.png
asus m5a78l-m lx3 обзор	Земля	https://www.onlinetrade.ru/catalogue/materinskie_platy-c340/asus/fullreviews/materinskaya_plata_asus_m5a78l_m_lx3_am3_microatx-159664-r8265.html	https://storage.mds.yandex.net/get-mturk/243965/1f54c938-d682-4681-afe9-62d8cc32f4b8.png
asus m5a78l-m lx3 обзор	Земля	https://ru.gecid.com/news/pervyy_vzglyad_na_novye_materinskie_platy_asus_m5a78l_i_m5a78l_le_dlya_soketa_amd_am3/	https://storage.mds.yandex.net/get-mturk/40311/090bc6f0-19fa-495a-bf1d-ad30f03bd305.png
газоанализатор аскон-02 инструкция	Санкт-Петербург (Россия)	http://www.avtodiagnostika.com/katalog/oborudovanie-dlya-diagnostiki-avtomobiley/gazoanalizatory-i-dymomery/tovar_471.html	https://storage.mds.yandex.net/get-mturk/142146/ccf2a7aa-82d3-4707-a2dc-19bf316c267b.png
газоанализатор аскон-02 инструкция	Санкт-Петербург (Россия)	https://www.autoscaners.ru/upload/iblock/930/930f07f806878a26b3e0313f7c570e40.pdf	https://storage.mds.yandex.net/get-geosearch/15218/fce2e673-4e59-4d78-8ff0-163f67358f09
газоанализатор аскон-02 инструкция	Санкт-Петербург (Россия)	https://www.teh-avto.ru/kupit-oborudovanie-dlya-texnicheskogo-osmotra/gazoanalizatory/chetyrexkomponentnyj-askon-02-13-diagnost-gazoanalizator-lyambda-taxometr-t-masla-rs-232-avtosliv-kondensata-avtokalibrovka-nulya-rabotaet-s-motortesterami-ltk-pitanie-12220v/	https://storage.mds.yandex.net/get-mturk/246230/1fcb5296-8a14-4182-95e9-a8a0a5fb2927.png
газоанализатор аскон-02 инструкция	Санкт-Петербург (Россия)	https://imperiyaavto43.ru/p331163215-gazoanalizator-askon-0244.html	https://storage.mds.yandex.net/get-mturk/34220/0ca7623f-eddc-4dd4-84ee-3a4034114442.png
газоанализатор аскон-02 инструкция	Санкт-Петербург (Россия)	https://www.carmod.ru/docs/askon/airtest-manual.pdf	https://storage.mds.yandex.net/get-mturk/767103/836f910e-7de0-4ae4-8caa-99499a2daee8.png
газоанализатор аскон-02 инструкция	Санкт-Петербург (Россия)	http://servicemontage.ru/diagnosticheskoe/gazoanalizatoryi-i-dyimomeryi/askon-02-44-standart-2064	https://storage.mds.yandex.net/get-mturk/100555/911d8cb9-b8db-4777-83f8-24041234dc68.png
газоанализатор аскон-02 инструкция	Санкт-Петербург (Россия)	https://www.carmod.ru/products/askon_0213_diagnost_pmskan__avtomobilnyj_gazoanalizator	https://storage.mds.yandex.net/get-mturk/10300/f618b212-4534-47c9-9678-d19e70a9f3cc.png
газоанализатор аскон-02 инструкция	Санкт-Петербург (Россия)	http://www.madipro.ru/gazoanalizator-askon-02.html	https://storage.mds.yandex.net/get-mturk/805901/e7725d60-2fce-4551-9cfb-f87542e9a97b.png
газоанализатор аскон-02 инструкция	Санкт-Петербург (Россия)	https://krasnodar.ELM327rus.ru/gazoanalizator-askon-0244-standart/	https://storage.mds.yandex.net/get-mturk/55141/eae35120-3be3-4a4a-ad08-ae7ef4327007.png
газоанализатор аскон-02 инструкция	Санкт-Петербург (Россия)	https://xn--327-qdd4ag.xn--p1ai/avtomobilnyj-gazonalizator-4	https://storage.mds.yandex.net/get-mturk/57289/119d211a-4ffd-4d4d-9ea7-19bb531eb7c0.png
сзвм до какого числа сдавать	Екатеринбург (Россия)	https://www.pro-personal.ru/article/1098583-19-m3-sroki-sdachi-szv-m-v-2019-godu	https://storage.mds.yandex.net/get-mturk/898483/728954f7-d6e6-416f-be10-e0b83d85989a.png
сзвм до какого числа сдавать	Екатеринбург (Россия)	https://www.kontur-extern.ru/info/sroki-predstavleniya-otchetnosti-po-zastrahovannym-licam	https://storage.mds.yandex.net/get-mturk/30140/6a8531d0-a974-472c-b300-78eb3ad70519.png
сзвм до какого числа сдавать	Екатеринбург (Россия)	https://buhguru.com/strahovie-vznosy/sroki-sdachi-szv-m-2018-god-tablica.html	https://storage.mds.yandex.net/get-mturk/476213/1bbd5b9b-c94b-49d0-bf0d-9e0b0d7a60c5.png
сзвм до какого числа сдавать	Екатеринбург (Россия)	https://www.BuhSoft.ru/article/1467-sroki-sdachi-szv-m-v-2019-godu	https://storage.mds.yandex.net/get-mturk/68886/855de018-8987-422c-91ca-036e3b0467e2.png
сзвм до какого числа сдавать	Екатеринбург (Россия)	https://www.buhonline.ru/forum/index?g=posts&t=426926	https://storage.mds.yandex.net/get-mturk/200217/dbc7e1ed-9b9b-42cc-a279-f31cb3164161.png
сзвм до какого числа сдавать	Екатеринбург (Россия)	https://www.kontur-extern.ru/info/forma-szv-m	https://storage.mds.yandex.net/get-mturk/50540/8f37a2e7-59d8-455a-89cc-bfaaffea4c0a.png
сзвм до какого числа сдавать	Екатеринбург (Россия)	https://spmag.ru/articles/sdacha-szv-m-za-aprel-2019-goda	https://storage.mds.yandex.net/get-mturk/10503/6824138b-e2f3-49a6-ba02-204c44e02163.png
сзвм до какого числа сдавать	Екатеринбург (Россия)	https://ppt.ru/forms/szv-m/null	https://storage.mds.yandex.net/get-mturk/35467/897d71d3-acf9-4b4b-8348-1f0835d8dbde.png
сзвм до какого числа сдавать	Екатеринбург (Россия)	https://www.gazeta-unp.ru/articles/51771-srok-sdachi-szv-m-za-avgust-2019-goda	https://storage.mds.yandex.net/get-mturk/61483/7e5c8bac-ccf0-46a0-9186-7cb915dbcf3d.png
сзвм до какого числа сдавать	Екатеринбург (Россия)	https://glavkniga.ru/situations/k502278	https://storage.mds.yandex.net/get-mturk/50817/9246f736-cd00-494e-bcc4-ec27d9bdf363.png
кит рязань	Рязань (Россия)	http://isskur.net/firma/27649	https://storage.mds.yandex.net/get-mturk/112998/a795e78c-8de9-47f8-85a7-8e362600a97e.png
кит рязань	Рязань (Россия)	https://ryazan.ruspravochnik.com/company/transportnaya-kompaniya-kit	https://storage.mds.yandex.net/get-mturk/66374/6a99eb2a-97c9-48b3-b227-84fb3608f3ad.png
кит рязань	Рязань (Россия)	http://shipcity.ru/delivery_service/kit/ryazan	https://storage.mds.yandex.net/get-mturk/36745/8f0ed247-f8c2-461d-8ca4-67bd5e4781a4.png
кит рязань	Рязань (Россия)	http://wikimapia.org/7931544/ru/%D0%A2%D0%BE%D1%80%D0%B3%D0%BE%D0%B2%D1%8B%D0%B9-%D1%86%D0%B5%D0%BD%D1%82%D1%80-%C2%AB%D0%9A%D0%B8%D1%82%C2%BB	https://storage.mds.yandex.net/get-mturk/41023/df14c457-201d-4940-9810-fc37e9dfc47b.png
кит рязань	Рязань (Россия)	https://ryazan.zoon.ru/business/transportnaya_kompaniya_kit/	https://storage.mds.yandex.net/get-mturk/15219/a3c984e7-26a9-49cf-9f86-a72f492b77b1.png
кит рязань	Рязань (Россия)	https://tk-kit-ryazan.retailmaps.ru/	https://storage.mds.yandex.net/get-mturk/15921/1bc911fe-d3e8-4723-aac1-302a2ac59ad5.png
кит рязань	Рязань (Россия)	https://yandex.ru/local/ryazan/oktiabrsky	https://storage.mds.yandex.net/get-mturk/18457/1d8d897c-b995-4b5a-91c6-a3bfdd3b15aa.png
кит рязань	Рязань (Россия)	https://rubrikator.org/russia/ryazan/kit	https://storage.mds.yandex.net/get-mturk/114967/ef2ef0dd-320c-42ff-a93b-ec56ab428b67.png
кит рязань	Рязань (Россия)	http://www.062.ru/firm/2357/	https://storage.mds.yandex.net/get-mturk/15206/6f3b33c5-29ab-4c7c-aa5d-5c3be6b56607.png
кит рязань	Рязань (Россия)	https://2gis.ru/ryazan/search/%D0%A2%D0%BA%20%D0%BA%D0%B8%D1%82/firms/district%3D6193059372990548	https://storage.mds.yandex.net/get-mturk/33284/6a4d356e-b4db-46e5-93dd-07b77eff0774.png
ттк камера шерегеш	Россия (Россия)	https://www.sibalt.ru/info-sheregesh-gornaya-shoria/91-webcamera-sheregesh	https://storage.mds.yandex.net/get-mturk/41023/c8d2f918-0f55-45ee-8a17-aa869cec16df.png
ттк камера шерегеш	Россия (Россия)	https://www.geocam.ru/in/sheregesh/	https://storage.mds.yandex.net/get-mturk/49815/fa1bec04-7131-4972-b988-56c21c99bc1d.png
ттк камера шерегеш	Россия (Россия)	https://portal.myttk.ru/portal/webcam/sheregesh.php	https://storage.mds.yandex.net/get-mturk/57914/7b66b91d-9031-463c-a0ea-018fb7b031f7.png
ттк камера шерегеш	Россия (Россия)	https://zarinsk.myttk.ru/news/20792/	https://storage.mds.yandex.net/get-mturk/10300/7b853a52-1d0e-4cc9-8f12-ba776be40eac.png
ттк камера шерегеш	Россия (Россия)	http://www.Sheregesh.su/faq/web-kamera	https://storage.mds.yandex.net/get-mturk/53208/bc78f3a7-d8b2-4fbb-be9d-962e405f2450.png
ттк камера шерегеш	Россия (Россия)	https://seversk.myttk.ru/news/20792/	https://storage.mds.yandex.net/get-mturk/59896/d5342ba4-b333-4cc4-a107-180085dcb096.png
ттк камера шерегеш	Россия (Россия)	http://webcamerymira.ru/russia/web-camery-sheregesh.html	https://storage.mds.yandex.net/get-mturk/67428/f8ced1c2-6e31-4c8f-a86d-376a323878cd.png
ттк камера шерегеш	Россия (Россия)	http://portal.myttk.ru/	https://storage.mds.yandex.net/get-mturk/66159/3a9ad030-aff3-4fe7-a0fa-b3c6260956df.png
ттк камера шерегеш	Россия (Россия)	https://kaskad-gesh.ru/web_cameras	https://storage.mds.yandex.net/get-mturk/23210/feb8488b-792b-4d52-836d-9151c3829bee.png
ттк камера шерегеш	Россия (Россия)	https://portal.myttk.ru/	https://storage.mds.yandex.net/get-mturk/11673/5b8eb092-13d1-4384-80c2-2b3a2bc89008.png
Shantel Feya порно	Ялта	http://www.nasheporno.tv/model/shantel-feya/	https://storage.mds.yandex.net/get-mturk/369523/cc32031a-588f-47af-9c19-c27fecceea7d.png
Shantel Feya порно	Ялта	http://clipqq.com/xxx/pornstarsview/shantel-feya	https://storage.mds.yandex.net/get-mturk/145915/cefb3190-a6f5-4381-b018-f36af1740f0d.png
Shantel Feya порно	Ялта	https://vk.com/video-62336521_170868974	https://storage.mds.yandex.net/get-mturk/61483/93db56b4-36ee-4a33-9360-4d48b36e5437.png
Shantel Feya порно	Ялта	https://moresisek.net/video/feya+shantel	https://storage.mds.yandex.net/get-mturk/54720/7b2d33ba-94ea-432d-8345-8d7464c8fd3d.png
Shantel Feya порно	Ялта	https://biguz.net/shantel+feya+porn/	https://storage.mds.yandex.net/get-mturk/40311/4932090b-898f-4dbf-8f3a-21bbe6ae83aa.png
Shantel Feya порно	Ялта	https://txxx.com/models/shantel-feya/	https://storage.mds.yandex.net/get-mturk/52534/ba8f9b68-4266-4854-af2f-2d4fe9370291.png
Shantel Feya порно	Ялта	http://cbtownship.com/?k=Shantel+feya&trend=AR	https://storage.mds.yandex.net/get-mturk/30623/6aab945b-d218-45fd-9006-693a3e9b29c2.png
Shantel Feya порно	Ялта	https://www.xvideos.com/?k=feya+shantel+porn&p=	https://storage.mds.yandex.net/get-mturk/200562/9f1a64c0-19cb-4124-a232-299e00496357.png
Shantel Feya порно	Ялта	https://hdzog.com/model/shantel/	https://storage.mds.yandex.net/get-mturk/44594/54260516-6140-4992-9840-97ed02606395.png
Shantel Feya порно	Ялта	https://biqle.ru/video/Shantel%20Feya	https://storage.mds.yandex.net/get-mturk/50817/31aa97aa-66d8-4deb-8592-a4a17a2007ef.png
alawar	Земля	http://IgryPlus.ru/igry-alawar	https://storage.mds.yandex.net/get-mturk/370729/a3cd362a-f987-4bf1-a949-52da500dd5fb.png
alawar	Земля	https://vk.com/alawar	https://storage.mds.yandex.net/get-mturk/43447/64ffee87-9d58-467e-b439-2d832501318d.png
alawar	Земля	http://PlayMap.ru/smallgames/alawar/	https://storage.mds.yandex.net/get-mturk/31003/18fc885e-81e0-4aee-ac8d-ce831ea98bc0.png
alawar	Земля	https://www.alawar.ru/online/	https://storage.mds.yandex.net/get-mturk/23304/9a83e678-aae0-4b2f-beae-0a8e423697e4.png
alawar	Земля	http://www.awalar.su/	https://storage.mds.yandex.net/get-mturk/50540/82e14126-4f1c-4598-a2c0-ceac8e3d89cb.png
alawar	Земля	https://www.alawar.com/	https://storage.mds.yandex.net/get-mturk/67428/038a10ed-9e95-447b-82f4-c8036350093f.png
alawar	Земля	https://company.alawar.com/	https://storage.mds.yandex.net/get-geosearch/15218/fce2e673-4e59-4d78-8ff0-163f67358f09
alawar	Земля	https://artmoney-se-rus.ru/alawar-crack-2016-vzlomshhik-igr-alavar/	https://storage.mds.yandex.net/get-mturk/37284/78205b10-8183-4914-9bb5-22d5de1879f9.png
alawar	Земля	https://AlawarLand.ru/	https://storage.mds.yandex.net/get-mturk/67555/03b0e5cb-20b6-4839-9c14-d82484679ebd.png
alawar	Земля	https://www.alawar.ru/new-games/	https://storage.mds.yandex.net/get-mturk/62493/b1d2fd72-4047-4679-a6a9-de434b261903.png
мазь вишневского	Нижний Новгород (Россия)	https://yandex.ru/health/pills/product/liniment-balzamicheskij-po-vishnevskomu-33723	https://storage.mds.yandex.net/get-mturk/34220/64a651ea-9925-4e15-ae48-d6376de2a7db.png
мазь вишневского	Нижний Новгород (Россия)	https://medside.ru/maz-vishnevskogo	https://storage.mds.yandex.net/get-mturk/64929/476349ed-710e-4cb9-80e4-7e1ad8c9e7f5.png
мазь вишневского	Нижний Новгород (Россия)	https://indicator.ru/article/2017/07/20/maz-vishnevskogo/	https://storage.mds.yandex.net/get-mturk/108096/055cc7ba-9640-4a92-ae30-59caef0cd2b8.png
мазь вишневского	Нижний Новгород (Россия)	https://uplady.ru/zdorove/poleznye-sredstva/ot-chego-pomogaet-dlya-chego-primenyaetsya-maz-vishnevskogo-sostav-primenenie-analogi.html	https://storage.mds.yandex.net/get-mturk/68142/de78bb6c-f918-4fb3-8111-bf02042eec28.png
мазь вишневского	Нижний Новгород (Россия)	https://rasteniya-lecarstvennie.ru/2795-maz-vishnevskogo-primenenie-instrukciya-po-primeneniyu-pokazaniya-protivopokazaniya.html	https://storage.mds.yandex.net/get-mturk/59150/bf281503-26b7-4141-8225-230f9de348a6.png
мазь вишневского	Нижний Новгород (Россия)	https://www.obozrevatel.com/health/lekarstva/maz-vishnevskogo.htm	https://storage.mds.yandex.net/get-mturk/176892/d082349e-19db-4025-be4b-ce1209439877.png
мазь вишневского	Нижний Новгород (Россия)	http://boleznikogi.com/ot-chego-pomogaet-maz-vishnevskogo	https://storage.mds.yandex.net/get-mturk/53927/8c685101-06bc-4c0a-ac1b-2b692970045b.png
мазь вишневского	Нижний Новгород (Россия)	https://womane.ru/balzam-vishnevskogo-instrukciya-primeneniya-lechenie-boleznej-vospalenij-travm.html	https://storage.mds.yandex.net/get-mturk/64007/1a546672-797c-4a68-a3df-6d9a88b14323.png
мазь вишневского	Нижний Новгород (Россия)	https://oren.ru/pochemu-maz-vishnevskogo/	https://storage.mds.yandex.net/get-mturk/55848/3ef0af4d-643f-4a89-a78f-344d310e225f.png
мазь вишневского	Нижний Новгород (Россия)	https://russian7.ru/post/maz-vishnevskogo-kakoy-vred-ona-mozhet/	https://storage.mds.yandex.net/get-mturk/369523/57137af2-afd0-41f2-ad9f-36cc478e233a.png
Пенсионерам скидки	Ярославль (Россия)	https://npfrate.ru/knowledgebase/skidki-pensioneram.html	https://storage.mds.yandex.net/get-mturk/67428/4f21d55e-cd42-4882-b567-0e01272d355c.png
Пенсионерам скидки	Ярославль (Россия)	http://yaroslavl.incred.ru/vkladi/pensionnie/	https://storage.mds.yandex.net/get-mturk/200217/d3a4750b-27e9-43e6-86c6-e9ad24894139.png
Пенсионерам скидки	Ярославль (Россия)	http://csm-yar.ru/pensioneram.html	https://storage.mds.yandex.net/get-mturk/68142/45c4c147-0b4a-4e5b-a78e-78edbb440855.png
Пенсионерам скидки	Ярославль (Россия)	https://ipipip.ru/%D0%9B%D1%8C%D0%B3%D0%BE%D1%82%D1%8B_%D0%BF%D0%B5%D0%BD%D1%81%D0%B8%D0%BE%D0%BD%D0%B5%D1%80%D0%B0%D0%BC/	https://storage.mds.yandex.net/get-mturk/62493/8a8d3bc7-7031-4867-9ec1-a6657063b9a5.png
Пенсионерам скидки	Ярославль (Россия)	https://yakapitalist.ru/finansy/socialnye-lgoty-pensioneram/	https://storage.mds.yandex.net/get-mturk/44037/a08d5e3a-5c39-4e18-8f22-e0166ebf4d66.png
Пенсионерам скидки	Ярославль (Россия)	https://yaroslavl.buranrussia.ru/pensioneram-skidka/	https://storage.mds.yandex.net/get-mturk/36745/b23ce02c-258d-4a24-885b-19800e3a48a4.png
Пенсионерам скидки	Ярославль (Россия)	https://ToShop.ru/actions.aspx?Select=Pensioner	https://storage.mds.yandex.net/get-mturk/150625/2b37b810-2204-43ff-b2b4-392c566ff391.png
Пенсионерам скидки	Ярославль (Россия)	https://globuss24.ru/qa/magazin-delaet-pensioneram-skidku-na-opredelennoe-kolicestvo-procentov-ot	https://storage.mds.yandex.net/get-mturk/62493/498c7889-ef83-4053-b828-33794b403383.png
Пенсионерам скидки	Ярославль (Россия)	https://www.sellvoyage.ru/deshevye-aviabilety-pensioneram/	https://storage.mds.yandex.net/get-mturk/114967/bbf66c1f-9079-4b86-9e95-834593ee5eb4.png
Пенсионерам скидки	Ярославль (Россия)	https://lgotypro.ru/lgoty-pensioneram-v-jaroslavskoj-oblasti/	https://storage.mds.yandex.net/get-mturk/39194/84fec103-0b12-4d04-9848-bd9f69fac3d0.png
почта gmail вход	Санкт-Петербург (Россия)	https://ru.wikipedia.org/wiki/Gmail	https://storage.mds.yandex.net/get-mturk/33284/be8eacc5-9e81-4ee3-9be7-7a70831356c9.png
почта gmail вход	Санкт-Петербург (Россия)	https://e.mail.ru/login	https://storage.mds.yandex.net/get-mturk/14636/0a86afac-cbd3-48e5-8106-242d16a7ab67.png
почта gmail вход	Санкт-Петербург (Россия)	https://www.google.com/intl/ru/gmail/about/for-work/	https://storage.mds.yandex.net/get-mturk/36745/6f1096d7-091f-44c1-a7da-7d265479854f.png
почта gmail вход	Санкт-Петербург (Россия)	https://apps.apple.com/ru/app/gmail-%D0%BF%D0%BE%D1%87%D1%82%D0%B0-%D0%BE%D1%82-google/id422689480	https://storage.mds.yandex.net/get-mturk/29516/c843b337-deff-47a6-bfce-b77cc5848bbb.png
почта gmail вход	Санкт-Петербург (Россия)	https://www.gmail.com/mail/help/intl/ru/about.html?de	https://storage.mds.yandex.net/get-mturk/43447/43e36dc4-1765-40f8-bad0-1d54853f775d.png
почта gmail вход	Санкт-Петербург (Россия)	http://pc4me.ru/3122.html	https://storage.mds.yandex.net/get-mturk/40252/0484c549-193e-437e-88bc-5fb92cb13686.png
почта gmail вход	Санкт-Петербург (Россия)	https://gmail.com/	https://storage.mds.yandex.net/get-mturk/135075/786f80ca-7c73-48c3-bcbf-a85476a09c55.png
почта gmail вход	Санкт-Петербург (Россия)	http://hsl.guru/gmail-com-pochta-vhod-v-gugl-pochtu/	https://storage.mds.yandex.net/get-mturk/64113/9c7fe0da-bf86-4260-bd83-27721c0f3e8c.png
почта gmail вход	Санкт-Петербург (Россия)	https://www.google.ru/mail/help/work.html	https://storage.mds.yandex.net/get-mturk/476213/e5cf1e5e-eff3-4ead-bee5-9bafaa3c7a31.png
почта gmail вход	Санкт-Петербург (Россия)	https://yandex.ru/local/events/90733	https://storage.mds.yandex.net/get-mturk/100555/2d19e5a0-f57f-4aa6-9d0d-693fb88d3e2f.png
jk beauty studio	Екатеринбург (Россия)	https://www.picbon.org/place/rapunzel-studio/514134388780059	https://storage.mds.yandex.net/get-geosearch/15218/fce2e673-4e59-4d78-8ff0-163f67358f09
jk beauty studio	Екатеринбург (Россия)	https://ekaterinburg.flamp.ru/firm/jk_beauty_studio_studiya_krasoty-70000001021255907	https://storage.mds.yandex.net/get-mturk/60176/2290bc0a-742d-4f07-852d-ea72824ecb10.png
jk beauty studio	Екатеринбург (Россия)	http://rapuntsel.yapokupayu.ru/	https://storage.mds.yandex.net/get-geosearch/15218/fce2e673-4e59-4d78-8ff0-163f67358f09
jk beauty studio	Екатеринбург (Россия)	https://tagugram.net/location/rapunzel-studio_/514134388780059	https://storage.mds.yandex.net/get-mturk/35880/7c6f954c-312d-4351-9f98-f35da3a378bd.png
jk beauty studio	Екатеринбург (Россия)	https://taplink.cc/jkbeauty_ekb	https://storage.mds.yandex.net/get-mturk/51762/dcef4d8b-6b32-4470-a509-63b1c8d70359.png
jk beauty studio	Екатеринбург (Россия)	https://beauty.dikidi.ru/record/134541	https://storage.mds.yandex.net/get-mturk/66759/72b628db-1b24-428a-aa32-13ab4ce371c5.png
jk beauty studio	Екатеринбург (Россия)	http://www.rapunzel-studio.ru/xdlvwunxcq-n356986-zmmd-uuzrzxdqpjftyywuoejokeb/	http://storage.mds.yandex.net/get-geosearch/15218/fce2e673-4e59-4d78-8ff0-163f67358f09
jk beauty studio	Екатеринбург (Россия)	http://jkbeautystudio.ru/training/	https://storage.mds.yandex.net/get-mturk/374159/276edb75-ebda-4cb8-9708-1902fee8c496.png
jk beauty studio	Екатеринбург (Россия)	https://ekaterinburg.flamp.ru/firm/jk_beauty_studio_studiya_krasoty-70000001035108389	https://storage.mds.yandex.net/get-mturk/768630/a362c0de-caea-4bad-9236-e4cde54d123d.png
jk beauty studio	Екатеринбург (Россия)	https://2gis.ru/ekaterinburg/firm/70000001021255907	https://storage.mds.yandex.net/get-mturk/42355/77a6c0c8-9e53-4ffe-a9e1-4e43dc2719c8.png
футбол чемпионат россии 2017-2018 турнирная таблица расписание	Санкт-Петербург (Россия)	http://www.footballrussia.ru/world-cup-2018-tables.html	https://storage.mds.yandex.net/get-mturk/41023/e7208d71-3606-4ca2-a83a-b4c9f79c29ef.png
футбол чемпионат россии 2017-2018 турнирная таблица расписание	Санкт-Петербург (Россия)	https://www.livesport.ru/football/rfpl/calendar/	https://storage.mds.yandex.net/get-mturk/49815/7f41508a-113b-4e9f-a766-6d28d411f33b.png
футбол чемпионат россии 2017-2018 турнирная таблица расписание	Санкт-Петербург (Россия)	https://www.soccerstand.com/ru/football/russia/premier-league/	https://storage.mds.yandex.net/get-mturk/55559/b48dfa7e-d7e7-4114-9e88-515ad25a6b79.png
футбол чемпионат россии 2017-2018 турнирная таблица расписание	Санкт-Петербург (Россия)	http://russianfootballtable.ru/calendar/2017/	https://storage.mds.yandex.net/get-mturk/68142/9020b602-23b0-4ca9-99f7-1c3facd0a977.png
футбол чемпионат россии 2017-2018 турнирная таблица расписание	Санкт-Петербург (Россия)	https://www.sports.ru/rfpl/calendar/	https://storage.mds.yandex.net/get-mturk/145915/ca0450a6-6f8a-434e-bdf5-d690a7fc5e31.png
футбол чемпионат россии 2017-2018 турнирная таблица расписание	Санкт-Петербург (Россия)	https://premierliga.ru/tournaments/championship/tournament-table/	https://storage.mds.yandex.net/get-mturk/41023/53f2d74a-1f62-452c-9c5a-7bfd87249343.png
футбол чемпионат россии 2017-2018 турнирная таблица расписание	Санкт-Петербург (Россия)	https://www.championat.com/football/_russiapl/tournament/2599/table/	https://storage.mds.yandex.net/get-mturk/31741/d41dc35f-962b-4525-96ec-3e898daadc3f.png
футбол чемпионат россии 2017-2018 турнирная таблица расписание	Санкт-Петербург (Россия)	https://www.championat.com/football/_russiapl/tournament/2200/table/	https://storage.mds.yandex.net/get-mturk/29516/e5772aee-70d1-4c4c-ba21-33dfb2df39bb.png
футбол чемпионат россии 2017-2018 турнирная таблица расписание	Санкт-Петербург (Россия)	https://v-2018.com/chempionat-rossii-po-futbolu-2017-2018-kalendar/	https://storage.mds.yandex.net/get-mturk/141986/dbb2d54b-b591-4103-9a70-8d27335bcf42.png
футбол чемпионат россии 2017-2018 турнирная таблица расписание	Санкт-Петербург (Россия)	https://premierliga.ru/tournaments/kr/grid	https://storage.mds.yandex.net/get-mturk/67456/0b4757f2-d6e7-4980-af3c-072f3e3fa0dd.png
blackview a60	Нальчик (Россия)	https://www.kimovil.ru/ru/where-to-buy-blackview-a60	https://storage.mds.yandex.net/get-mturk/66159/184bbc72-ec6a-44e2-b392-f5b872a1e0c8.png
blackview a60	Нальчик (Россия)	https://helpix.ru/blackview/a60/	https://storage.mds.yandex.net/get-mturk/61483/910e0a10-c809-4138-8668-a98a3657f5fc.png
blackview a60	Нальчик (Россия)	http://proshivkis.ru/?p=blackview-a60-cena-harakteristiki-obzor-video-i-foto	https://storage.mds.yandex.net/get-mturk/37615/f9ab79ef-6409-483d-a4c2-4ce471c1c245.png
blackview a60	Нальчик (Россия)	https://www.e-katalog.ru/BLACKVIEW-A60.htm	https://storage.mds.yandex.net/get-mturk/141986/2edd9f40-c37a-42aa-a667-6fafe930c5da.png
blackview a60	Нальчик (Россия)	https://otzovik.com/reviews/smartphone_blackview_a60/	https://storage.mds.yandex.net/get-mturk/66374/531999b9-6087-4457-b7eb-0d5e2036c79a.png
blackview a60	Нальчик (Россия)	https://4pda.ru/forum/index.php?showtopic=945582	https://storage.mds.yandex.net/get-mturk/55559/1cacc374-3be7-42ed-abaf-f826114dfa86.png
blackview a60	Нальчик (Россия)	http://sravni24.net/blackview-a60/	https://storage.mds.yandex.net/get-mturk/50540/d9e9d194-a092-47b5-820e-568133039211.png
blackview a60	Нальчик (Россия)	http://4pda.ru/2019/04/05/356820/	https://storage.mds.yandex.net/get-mturk/26147/59520b06-616a-457e-96a2-83745f09fb42.png
blackview a60	Нальчик (Россия)	http://4pda.ru/forum/index.php?showtopic=945582	https://storage.mds.yandex.net/get-mturk/61113/fb914680-11df-4765-a3f9-6c71cf81a3f2.png
blackview a60	Нальчик (Россия)	https://techbro.ru/blackview-a60-pro-obzor-2019/	https://storage.mds.yandex.net/get-mturk/144400/d3e15b3c-6da3-434a-884d-97358f2ba3c0.png
авито шадринск	Курган (Россия)	https://www.avito.ru/shadrinsk?submissionFinished=1	https://storage.mds.yandex.net/get-mturk/23210/bc0b4bde-5ed1-4893-9501-e4bfa70eede5.png
авито шадринск	Курган (Россия)	https://youla.ru/shadrinsk	https://storage.mds.yandex.net/get-mturk/52534/74bd34f3-4669-4ecb-ad18-97f366d1dfde.png
авито шадринск	Курган (Россия)	https://m.avito.ru/shadrinsk/uslugi?p=2	https://storage.mds.yandex.net/get-mturk/53208/3a83f9c8-363e-43a9-b104-6debaff81132.png
авито шадринск	Курган (Россия)	http://shadrinsk.vtuz.ru/	https://storage.mds.yandex.net/get-mturk/45651/9afa37ee-29e1-4da2-8c0b-47af28d010a3.png
авито шадринск	Курган (Россия)	https://vk.com/shabarah	https://storage.mds.yandex.net/get-mturk/44417/73bdc9c6-bcfe-47a4-948e-5e9d1751ab82.png
авито шадринск	Курган (Россия)	http://shadrinsk.ad4y.net/	https://storage.mds.yandex.net/get-mturk/477369/7795d304-126d-4f90-a037-ea560e3268b9.png
авито шадринск	Курган (Россия)	https://www.avito.ru/shadrinsk/nedvizhimost?geo=55.97718%2C63.3547865%2C56.37718%2C63.7547865%2C7	https://storage.mds.yandex.net/get-mturk/46671/48ad7ecf-24ad-45e2-a8f7-c2a7c0dc8cb0.png
авито шадринск	Курган (Россия)	https://shadrinsk.trud.com/	https://storage.mds.yandex.net/get-mturk/37080/920ec15a-d0ea-4ca2-bfc0-4c8528c68f2f.png
авито шадринск	Курган (Россия)	http://shadrinsk.japrodam.com/	https://storage.mds.yandex.net/get-mturk/57024/738682fa-e491-4797-8b19-bbf9a976b847.png
авито шадринск	Курган (Россия)	https://m.avito.ru/shadrinsk/kvartiry/prodam/vtorichka	https://storage.mds.yandex.net/get-geosearch/15218/fce2e673-4e59-4d78-8ff0-163f67358f09
мениторрентс про	Междуреченск (Россия)	https://www.utorrent.com/intl/ru/downloads	https://storage.mds.yandex.net/get-mturk/114967/72642478-5fe0-4b11-9874-13cfaa545c02.png
мениторрентс про	Междуреченск (Россия)	https://x-torrent.pro/	https://storage.mds.yandex.net/get-mturk/40190/b7b7b308-4726-41b0-8b66-149f7bbf0962.png
мениторрентс про	Междуреченск (Россия)	https://torrent-ideal.ru/	https://storage.mds.yandex.net/get-mturk/98123/16852469-5fd1-4a46-9bb3-d479b48d33d7.png
мениторрентс про	Междуреченск (Россия)	https://torrent-games.pro/	https://storage.mds.yandex.net/get-mturk/10289/f586f95f-b7af-4579-988a-831af6105ac5.png
мениторрентс про	Междуреченск (Россия)	https://utorrent-client.com/	https://storage.mds.yandex.net/get-mturk/479679/69c98ed9-ee3b-4102-852b-cfe5dea69bea.png
мениторрентс про	Междуреченск (Россия)	http://torrent-mania.net/	https://storage.mds.yandex.net/get-mturk/62493/2774aaf9-00bb-4a92-8376-7c311bc886ae.png
мениторрентс про	Междуреченск (Россия)	https://ru.vpnmentor.com/blog/10-%D0%BB%D1%83%D1%87%D1%88%D0%B8%D1%85-%D1%82%D0%BE%D1%80%D1%80%D0%B5%D0%BD%D1%82-%D1%81%D0%B0%D0%B9%D1%82%D0%BE%D0%B2/	https://storage.mds.yandex.net/get-mturk/476213/9a876b57-724a-4b51-b9ed-1ea3315ce00b.png
мениторрентс про	Междуреченск (Россия)	http://newtracker.org/films/	https://storage.mds.yandex.net/get-mturk/36745/f9312ed3-f40f-4685-a053-f7802d8aaaaf.png
мениторрентс про	Междуреченск (Россия)	http://sur.ly/i/manytorrents.net	https://storage.mds.yandex.net/get-mturk/40190/9a3dbd75-7c78-40cc-8296-4441738894a2.png
мениторрентс про	Междуреченск (Россия)	https://vk.com/manytorrents	https://storage.mds.yandex.net/get-mturk/23304/4452fda0-1021-4292-8ac2-1c6cb3a59b56.png
nehs d [ehufle минска	Санкт-Петербург (Россия)	https://LeTour.by/tury-v-hurgadu.html	https://storage.mds.yandex.net/get-mturk/67555/1fe568fc-d08b-48d9-8f65-3a20dbb12cff.png
nehs d [ehufle минска	Санкт-Петербург (Россия)	https://www.tez-tour.com/region.html?regionId=5734	https://storage.mds.yandex.net/get-mturk/65951/4747ae14-34eb-4eb3-9a0d-3f12250a7ea3.png
nehs d [ehufle минска	Санкт-Петербург (Россия)	https://www.HoliDay.by/countries/Egypt/hurgada/tours/iz-minska	https://storage.mds.yandex.net/get-mturk/67555/504c5c5b-ffc9-4215-9c9b-8ac9711059f7.png
nehs d [ehufle минска	Санкт-Петербург (Россия)	https://www.relax.by/gds/turagentstva/hurgada/minsk/	https://storage.mds.yandex.net/get-mturk/55559/f0edd529-f807-4a68-b892-c5602dc86fb2.png
nehs d [ehufle минска	Санкт-Петербург (Россия)	https://tripvariator.by/egypt/hurghada/from-minsk/	https://storage.mds.yandex.net/get-mturk/200217/022fb36c-2cca-45fa-bd1d-7cf9deb8d651.png
nehs d [ehufle минска	Санкт-Петербург (Россия)	https://intercity.by/tours/list/country/turkey/	https://storage.mds.yandex.net/get-mturk/40190/c832619f-6c8c-4948-90d3-474ba0433e97.png
nehs d [ehufle минска	Санкт-Петербург (Россия)	http://www.travel.otzyv.by/kurorty/hurghada/tury/	https://storage.mds.yandex.net/get-mturk/168599/7ed8c5b9-2ef3-4e34-9c4c-008986a68825.png
nehs d [ehufle минска	Санкт-Петербург (Россия)	https://belturizm.by/poisk-tura/tury-v-egipet/khurgada/	https://storage.mds.yandex.net/get-mturk/40311/b56eac80-68a3-4500-8d58-22ca03cd21a5.png
nehs d [ehufle минска	Санкт-Петербург (Россия)	https://www.holiday.by/countries/Egypt/hurgada/tours	https://storage.mds.yandex.net/get-mturk/398779/380d6c74-8e65-4c91-99bf-1c67fb6c5581.png
nehs d [ehufle минска	Санкт-Петербург (Россия)	https://www.bgoperator.ru/price.shtml?action=price&tid=211&flt=100410000047&flt2=100510397261	https://storage.mds.yandex.net/get-mturk/25542/bb103b2b-8981-482d-b7c7-192634f94561.png
инвентарь программиста 2019	Земля	http://my-it-notes.com/2019/04/programming-interview-2019/	https://storage.mds.yandex.net/get-mturk/44037/505fc43f-4eac-4a0d-8348-72b15fea07a5.png
инвентарь программиста 2019	Земля	https://geekhacker.ru/sborka-igrovogo-pk/	https://storage.mds.yandex.net/get-geosearch/15218/fce2e673-4e59-4d78-8ff0-163f67358f09
инвентарь программиста 2019	Земля	https://comprost.ru/komplektuiushchie/sborka-pc/vybor-ofisnogo-kompiutera-2019	https://storage.mds.yandex.net/get-mturk/55141/ccc08ce3-68ae-45fc-8356-f944bf3a41eb.png
инвентарь программиста 2019	Земля	https://videosmile.ru/lessons/read/gotovyie-sborki-kompyuterov-dlya-rabotyi-s-video-i-grafikoy-200419.html	https://storage.mds.yandex.net/get-mturk/33284/5ea3287a-56bb-465f-865f-84db08e82ae4.png
инвентарь программиста 2019	Земля	https://proglib.io/p/gamedev-beginning/	https://storage.mds.yandex.net/get-mturk/64929/d83b5436-8f73-416c-b56f-0083352d5f1d.png
инвентарь программиста 2019	Земля	https://habr.com/post/431654/	https://storage.mds.yandex.net/get-mturk/36866/c60e5590-ae5e-473d-b385-e73741e5e112.png
инвентарь программиста 2019	Земля	https://www.network-inventory-advisor.com/best-hardware-inventory-software.html	https://storage.mds.yandex.net/get-mturk/139042/e6da2654-dc6a-4ba1-9f91-e1f2f4bd8f7e.png
инвентарь программиста 2019	Земля	https://www.fl.ru/projects/3857845/php--mysql-inventar.html	https://storage.mds.yandex.net/get-mturk/67555/2fdc7f9a-a8c7-46d6-a3b5-1cd4ab0fa339.png
инвентарь программиста 2019	Земля	https://g2019.su/den-programmista-v-rossii/	https://storage.mds.yandex.net/get-mturk/767103/567d3c25-4728-46fa-8ef0-af5ec43a503c.png
инвентарь программиста 2019	Земля	https://toster.ru/q/535674	https://storage.mds.yandex.net/get-mturk/64761/0f8c3790-78e5-4bb2-9ed7-a2269198acbc.png
samsung galaxy watch и samsung galaxy watch active	Сибирский федеральный округ (Россия)	https://mobile-review.com/news/opublikovan-predpolagaemyj-oblik-samsung-galaxy-watch-active-2	https://storage.mds.yandex.net/get-mturk/22497/e0f7fc6d-0c8e-44e6-8f7c-79f1d32817d5.png
samsung galaxy watch и samsung galaxy watch active	Сибирский федеральный округ (Россия)	https://lvvid.net/w/samsung+galaxy+watch+active+review	https://storage.mds.yandex.net/get-mturk/23210/75a35dd8-d6a0-4125-8a74-ca4c17a75a59.png
samsung galaxy watch и samsung galaxy watch active	Сибирский федеральный округ (Россия)	http://www.akclip.com/clip-samsung-watch-samsung-galaxy-watch-vs-galaxy-wat_zsCVpuNPAtUQ	https://storage.mds.yandex.net/get-mturk/15921/f53ca806-df09-4fe2-99f4-f3902b191deb.png
samsung galaxy watch и samsung galaxy watch active	Сибирский федеральный округ (Россия)	https://www.samsung.com/ru/wearables/galaxy-watch-active-r500/SM-R500NZSASER/	https://storage.mds.yandex.net/get-geosearch/15218/fce2e673-4e59-4d78-8ff0-163f67358f09
samsung galaxy watch и samsung galaxy watch active	Сибирский федеральный округ (Россия)	https://csvid.net/w/samsung+galaxy+watch+active	https://storage.mds.yandex.net/get-mturk/477630/5c85a4f8-de84-4176-adf1-967d36db9e81.png
samsung galaxy watch и samsung galaxy watch active	Сибирский федеральный округ (Россия)	https://4pda.ru/2019/04/18/357031/	https://storage.mds.yandex.net/get-mturk/100555/68d18efb-a217-490a-97ec-3db6a0093d26.png
samsung galaxy watch и samsung galaxy watch active	Сибирский федеральный округ (Россия)	https://www.mvideo.ru/products/smart-chasy-samsung-galaxy-watch-active-sm-r500-nezhnaya-pudra-30043073	https://storage.mds.yandex.net/get-mturk/34220/ef1db5e9-6cce-463f-8758-e4faa0f1ed73.png
samsung galaxy watch и samsung galaxy watch active	Сибирский федеральный округ (Россия)	https://www.samsung.com/global/galaxy/galaxy-watch-active/	https://storage.mds.yandex.net/get-geosearch/15218/fce2e673-4e59-4d78-8ff0-163f67358f09
samsung galaxy watch и samsung galaxy watch active	Сибирский федеральный округ (Россия)	https://market.yandex.ru/product--chasy-samsung-galaxy-watch-active/413265633/reviews	https://storage.mds.yandex.net/get-mturk/67428/f027cf89-6724-4867-b873-9d86b4c5079b.png
samsung galaxy watch и samsung galaxy watch active	Сибирский федеральный округ (Россия)	https://keddr.com/2019/07/v-set-slili-ofitsialnyie-renderyi-samsung-galaxy-note10-i-galaxy-watch-active-2/	https://storage.mds.yandex.net/get-mturk/36745/72561ba8-ffbc-44b6-b5e4-0e327c039cad.png
календарь дежурств пожарной охраны 2019 год	Коркино (Россия)	https://pikabu.ru/story/avtraliyskie_pozharnyie_vyipustili_kalendar_na_2019_6211315	https://storage.mds.yandex.net/get-geosearch/15218/fce2e673-4e59-4d78-8ff0-163f67358f09
календарь дежурств пожарной охраны 2019 год	Коркино (Россия)	https://vk.com/topic-31039380_30240965	https://storage.mds.yandex.net/get-mturk/53927/2e176ef5-771b-4419-a663-94ba32dc6bed.png
календарь дежурств пожарной охраны 2019 год	Коркино (Россия)	http://www.bezengi.ru/ru/node/312	https://storage.mds.yandex.net/get-mturk/66374/b5621355-b0f7-4999-a2c4-6ddb0adf5b5b.png
календарь дежурств пожарной охраны 2019 год	Коркино (Россия)	https://pressa.tv/foto/86590-novyy-kalendar-ot-avstraliyskih-pozharnyh-na-2019-god.html	https://storage.mds.yandex.net/get-mturk/51762/e74aea81-b3ef-46fd-aae8-30ef84c4c617.png
календарь дежурств пожарной охраны 2019 год	Коркино (Россия)	https://namvd.ru/grafik-dezhurstv-mchs-na-god-kak-sostavit-grafik-smennosti/	https://storage.mds.yandex.net/get-mturk/164189/b954145c-9523-4e3e-933d-ba4bda4fbcba.png
календарь дежурств пожарной охраны 2019 год	Коркино (Россия)	https://fireguys.ru/grafik_karaulov/grafik-karaulov-na-2019-god-knizhnyi-format.html	https://storage.mds.yandex.net/get-mturk/43447/90cb82de-27b4-48a6-85f0-c49c0f80695a.png
календарь дежурств пожарной охраны 2019 год	Коркино (Россия)	https://spravka01.ru/grafik_karaulov/	https://storage.mds.yandex.net/get-mturk/67456/e2018061-b8c1-4e59-91b2-ed050933c7e6.png
календарь дежурств пожарной охраны 2019 год	Коркино (Россия)	https://fireguys.ru/documentation/organizacija-sluzhby/karaulnaja-sluzhba/-smena-karaulov-v-podrazdelenijah-pozharnoi-ohrany.html	https://storage.mds.yandex.net/get-mturk/64007/f28948a5-26b5-4f8f-8b6a-c2364cc1d006.png
календарь дежурств пожарной охраны 2019 год	Коркино (Россия)	https://ok.ru/firemanclub/topic/66952209847629	https://storage.mds.yandex.net/get-mturk/30623/701b5b66-b6a1-4e43-8e19-4863c4226bc7.png
календарь дежурств пожарной охраны 2019 год	Коркино (Россия)	https://fireman.club/grafik-dezhurnyx-karaulov/	https://storage.mds.yandex.net/get-mturk/37080/61463617-bb32-4684-ba09-d386d5f05fa2.png
Полумуфта МЭО ПМФ-25 для МЭО-630	Владивосток (Россия)	http://xn--90ahjlpcccjdm.xn--p1ai/catalog/price-list_meo_mekhanizm_ispolnitelnyj_cena/	https://storage.mds.yandex.net/get-mturk/476213/72894d91-476a-4020-8307-7581e64f74c5.png
Полумуфта МЭО ПМФ-25 для МЭО-630	Владивосток (Россия)	http://chebep.ru/produkciya/meo/meo_16/?item=514	https://storage.mds.yandex.net/get-mturk/142146/c93e9735-840a-4558-8ed4-53235725f999.png
Полумуфта МЭО ПМФ-25 для МЭО-630	Владивосток (Россия)	http://www.TDpem.ru/ispolnitelnye-mekhanizmy/komplektuyuschie/tormoza/tormoz-meo-630-92.php	https://storage.mds.yandex.net/get-mturk/53927/1a0a72e1-8efb-4775-9753-af0426c357b5.png
Полумуфта МЭО ПМФ-25 для МЭО-630	Владивосток (Россия)	http://www.tps21.ru/magazin/ispolniteljnye-mehanizmy/mehanizmy-meo/meo-630/meo-630-25-0-25-92k.html	https://storage.mds.yandex.net/get-mturk/43447/754c4822-5263-4360-93cb-195943dc1951.png
Полумуфта МЭО ПМФ-25 для МЭО-630	Владивосток (Россия)	http://www.gimalai.com/node/112	https://storage.mds.yandex.net/get-mturk/61182/969f097b-5fd7-4d73-9542-9449b34ecfa0.png
Полумуфта МЭО ПМФ-25 для МЭО-630	Владивосток (Россия)	http://gimalai.com/images/stories/p2016.pdf	https://storage.mds.yandex.net/get-geosearch/15218/fce2e673-4e59-4d78-8ff0-163f67358f09
Полумуфта МЭО ПМФ-25 для МЭО-630	Владивосток (Россия)	http://www.propartner.ru/offers/polumufta-truboprovodnaya	https://storage.mds.yandex.net/get-mturk/39194/44413c43-5aa8-4c1c-b5cf-accaa7674303.png
Полумуфта МЭО ПМФ-25 для МЭО-630	Владивосток (Россия)	https://www.tuugo.ru/Companies/%D0%BD%D0%BF%D0%BF-%D0%B3%D0%B8%D0%BC%D0%B0%D0%BB%D0%B0%D0%B8-%D0%BE%D0%BE%D0%BE/118000312056	https://storage.mds.yandex.net/get-mturk/176892/76753175-2894-41de-b9f4-2d11d735048f.png
Полумуфта МЭО ПМФ-25 для МЭО-630	Владивосток (Россия)	https://www.dvgk.ru/uploads/zakupki/3711/%D0%A0%D0%B5%D0%BC%D0%BE%D0%BD%D1%82.xls	https://storage.mds.yandex.net/get-geosearch/15218/fce2e673-4e59-4d78-8ff0-163f67358f09
Полумуфта МЭО ПМФ-25 для МЭО-630	Владивосток (Россия)	https://agrovektor.ru/physical_product/2113378-ispolnitelnyy-mehanizm-meo-63025-025u-92k-u2-meo-63063.html	https://storage.mds.yandex.net/get-mturk/66374/ab2e2d3a-58fe-4c4c-b61d-dd87e8007828.png
косметиста	Москва (Россия)	http://irecommend.ru/users/kosmetista?page=1	https://storage.mds.yandex.net/get-mturk/23304/b7d7c1e3-dc67-48e5-8df6-19cba37754ae.png
косметиста	Москва (Россия)	https://kosmetista.ru/	https://storage.mds.yandex.net/get-mturk/10503/ac0103d9-4195-4eb0-9acf-53bcbcccf71e.png
косметиста	Москва (Россия)	https://kosmetista-ru.livejournal.com/	https://storage.mds.yandex.net/get-mturk/168599/290bc4de-2804-4932-b850-3a3d70af2d89.png
косметиста	Москва (Россия)	http://luckykosmetista.blogspot.com/	https://storage.mds.yandex.net/get-mturk/204494/7244e804-f465-48ef-bad2-57e1cf249389.png
косметиста	Москва (Россия)	https://zen.yandex.ru/kosmetista.ru	https://storage.mds.yandex.net/get-mturk/129249/fdf05d31-6f1c-4747-8f6e-a107c9f2332d.png
косметиста	Москва (Россия)	https://irecommend.ru/users/kosmetista?page=5	https://storage.mds.yandex.net/get-mturk/34220/c0576da7-f9a7-49f0-a721-f7e38ce0885a.png
косметиста	Москва (Россия)	https://www.facebook.com/kosmetista.ru	https://storage.mds.yandex.net/get-mturk/57289/beb3ea70-5946-4a16-8b16-b6b30bb915f1.png
косметиста	Москва (Россия)	https://m.kosmetista.ru/index/page6/	https://storage.mds.yandex.net/get-mturk/56180/5b41698d-360e-45cb-aca3-2a5499c9667e.png
косметиста	Москва (Россия)	https://www.facebook.com/Kosmetista.ru	https://storage.mds.yandex.net/get-mturk/108096/9fcef3cd-51b5-4e46-83a0-8aa3ad55f103.png
косметиста	Москва (Россия)	http://canofwormsru.blogspot.com/2014/02/blog-post_22.html	https://storage.mds.yandex.net/get-mturk/476213/665e2c09-61a7-4f9a-890a-7f40d08f7982.png
меновазин инструкция по применению для чего применяется	Череповец (Россия)	https://dolgojit.net/menovazin.php	https://storage.mds.yandex.net/get-mturk/64113/342a791e-ff46-4b93-86b6-807f1db10863.png
меновазин инструкция по применению для чего применяется	Череповец (Россия)	https://womanadvice.ru/ot-chego-pomogaet-menovazin-i-kak-ego-pravilno-primenyat	https://storage.mds.yandex.net/get-mturk/243965/ceedd8c1-4a34-40d1-982e-4aeb9580b02b.png
меновазин инструкция по применению для чего применяется	Череповец (Россия)	https://spa-rus.ru/instrukcii/menovazin-ot-davlenija-primenenie-pobochnye-javlenija.html	https://storage.mds.yandex.net/get-mturk/52837/11532562-5d98-4d21-9886-ea22763bc668.png
меновазин инструкция по применению для чего применяется	Череповец (Россия)	https://proartrit.ru/menovazin-instruktsiya-po-primeneniyu/	https://storage.mds.yandex.net/get-mturk/27366/3458078d-4da2-4873-a779-2f2d872d6751.png
меновазин инструкция по применению для чего применяется	Череповец (Россия)	https://yandex.ru/health/pills/product/menovazin-12738	https://storage.mds.yandex.net/get-mturk/36745/c61e44fb-01b4-4383-979d-a1ab14a34fa3.png
меновазин инструкция по применению для чего применяется	Череповец (Россия)	https://zslife.ru/vse-o-zdorove/menovazin-ot-chego-pomogaet.html	https://storage.mds.yandex.net/get-mturk/57914/64627872-edab-4cfe-9893-7fc7e4984681.png
меновазин инструкция по применению для чего применяется	Череповец (Россия)	https://sovets.net/13178-menovazin-instrukciya-po-primeneniyu.html	https://storage.mds.yandex.net/get-mturk/26798/1f9e31a7-f76d-46af-a825-13af6c206a0d.png
меновазин инструкция по применению для чего применяется	Череповец (Россия)	http://www.rigla.ru/shop/forms/menovazin/	https://storage.mds.yandex.net/get-mturk/44037/7d26e9ec-95ca-4233-a807-92608a8bcf7c.png
меновазин инструкция по применению для чего применяется	Череповец (Россия)	https://simptom-lechenie.ru/menovazin-instrukciya-po-primeneniyu.html	https://storage.mds.yandex.net/get-mturk/15935/cff21d2a-96d6-48ca-a1d7-60fb1e8613aa.png
меновазин инструкция по применению для чего применяется	Череповец (Россия)	https://medside.ru/menovazin	https://storage.mds.yandex.net/get-mturk/476213/d4959547-01a4-4b36-92fb-ff86dbe5ad6c.png
